id,node_id,prediction
27284990,43,0
27104990,31,0
74001908,30,0
63649022,15,1
63539593,23,1
52100213,28,1
74006110,30,0
74003579,21,0
27203790,58,0
52108347,58,0
27101120,30,0
52101567,31,0
16231705,43,0
27123340,24,0
52109122,23,1
16231351,57,0
27229620,6,0
63936678,15,1
74005061,30,0
74004117,30,0
27147040,27,1
27160070,23,1
52100230,43,0
16218838,57,0
27138380,58,0
38613019,46,0
63049908,31,0
52103625,46,0
27118100,58,0
74005479,30,0
49001081,36,0
27226970,31,0
49168624,58,0
52102441,31,0
63857124,8,1
74006116,21,0
52108632,58,0
16227983,43,0
74000776,30,0
49002902,57,0
52104252,31,0
74001367,21,0
52109757,57,0
63610921,31,0
16240061,57,0
49002011,9,0
27111480,57,0
27149070,30,0
74002451,24,0
49178411,23,1
27283660,24,0
27157340,27,1
27111620,58,0
27216010,30,0
52100350,31,0
52106011,43,0
16224813,31,0
74006179,21,0
74002788,57,0
27105280,31,0
52102219,31,0
27230260,27,1
27299910,43,0
52103917,30,0
16222678,58,0
27131870,43,0
63811537,15,1
27243140,21,0
49999970,37,0
52107926,36,0
52108299,31,0
74000783,21,0
49222668,58,0
52103808,58,0
27105620,57,0
16230287,43,0
16230272,31,0
16232027,57,0
49222366,58,0
49003085,43,0
52106603,57,0
16232749,31,0
27133140,21,0
16230150,43,0
16215176,43,0
63731744,13,0
63370056,55,0
27270720,31,0
16234407,31,0
52108758,31,0
52105934,58,0
27298700,9,0
27283860,24,0
16227519,43,0
49001820,31,0
49176736,55,0
63305884,15,1
63998909,15,1
27145140,30,0
52105964,31,0
74002845,21,0
16219492,43,0
16230246,37,0
16221887,43,0
52106769,30,0
63333010,23,1
63422728,23,1
49173858,31,0
52102719,31,0
52108450,43,0
27288750,46,0
52105260,30,0
16240430,31,0
52108868,57,0
63493724,31,0
27102790,24,0
74001810,27,1
49171536,57,0
74006043,21,0
74002314,43,0
27154610,58,0
27216450,58,0
27257920,30,0
52107248,31,0
16231638,58,0
49002100,21,0
27241630,24,0
52103594,30,0
27219260,58,0
27123660,57,0
52108478,46,0
74004704,30,0
16231045,43,0
27163980,24,0
16223298,43,0
27158600,21,0
74003635,21,0
63668356,31,0
27149110,23,1
74003440,21,0
63211507,8,1
74003432,21,0
52105561,46,0
27161850,57,0
74002895,21,0
16240274,31,0
52107596,57,0
16222039,43,0
52106111,31,0
74004639,21,0
16234410,57,0
16223250,43,0
27100760,31,0
49003542,37,0
27155150,58,0
16233123,58,0
27229530,58,0
16229049,58,0
27245260,46,0
49161764,43,0
63456780,55,0
74004303,30,0
52109824,31,0
16222667,57,0
52107189,43,0
27162870,55,0
27133680,30,0
63507541,15,1
27204200,31,0
49001569,23,1
74000551,30,0
16240028,46,0
74005203,30,0
27160630,57,0
49001285,24,0
63993315,23,1
16222085,43,0
16226009,57,0
74003070,30,0
49000851,55,0
27258340,58,0
74006239,21,0
16232394,43,0
49166847,58,0
27301620,21,0
52107723,31,0
49001161,37,0
52104271,31,0
49169694,58,0
49195488,31,0
49001056,58,0
63435030,31,0
27284040,46,0
27271270,57,0
52109336,55,0
74003108,21,0
52108769,58,0
27203160,31,0
49165145,55,0
74006271,30,0
74001572,21,0
27284480,31,0
74001839,21,0
16224428,31,0
74000499,21,0
74003417,30,0
16224789,43,0
74001477,30,0
16228245,24,0
63564554,15,1
16228008,31,0
49002982,43,0
74003969,21,0
52108704,58,0
27105730,43,0
16223076,43,0
49222782,43,0
27275720,31,0
16222653,46,0
63808649,9,0
52100271,5,0
27151830,43,0
27256960,58,0
49176938,43,0
27227570,24,0
63812199,31,0
74000798,21,0
16231788,43,0
63701272,15,1
16226417,43,0
16224083,57,0
38408612,55,0
16231459,24,0
74001725,13,0
49197260,23,1
52101587,55,0
27123980,21,0
27241190,21,0
52103158,55,0
49999897,24,0
27102170,58,0
74005848,30,0
74002726,58,0
27114080,31,0
63299283,55,0
16227134,58,0
16220536,31,0
27105320,31,0
16225539,57,0
74005441,21,0
16231255,31,0
74000248,21,0
16240405,37,0
16225889,31,0
49999699,57,0
16230708,43,0
74001452,30,0
63369557,15,1
16221818,31,0
27286590,21,0
74005409,30,0
52105165,31,0
16217631,31,0
27269530,43,0
27156060,15,1
49167231,57,0
49181994,58,0
27213690,58,0
38383498,23,1
49000578,58,0
27112470,58,0
27257850,5,0
63851449,31,0
63323673,15,1
38071993,58,0
27297630,37,0
74000825,30,0
49000264,55,0
27144950,30,0
27243970,21,0
27116470,43,0
74005969,21,0
52109202,31,0
27213830,46,0
38075291,55,0
49222391,43,0
63926025,15,1
16217520,31,0
49195170,24,0
16240032,43,0
74005000,27,1
27110220,23,1
49199299,55,0
74005153,30,0
74001143,30,0
74006312,21,0
63313500,15,1
74004908,30,0
74005333,30,0
52108443,46,0
49216851,46,0
49222535,58,0
38684413,24,0
16227997,24,0
27110180,31,0
63527445,15,1
27125380,57,0
74005397,21,0
16219222,57,0
27155290,46,0
27256280,31,0
52104799,58,0
27126320,28,1
16224559,58,0
74002593,58,0
74003620,30,0
38760055,31,0
27117950,57,0
27138810,27,1
27109420,31,0
16218597,55,0
27122220,58,0
63820626,23,1
74001268,21,0
16227500,24,0
63563793,31,0
74003862,30,0
49177834,43,0
27153020,43,0
63069124,15,1
27148930,21,0
27244730,24,0
16231703,55,0
27244880,16,0
16240018,57,0
63577439,31,0
49161881,31,0
27259900,43,0
74004213,21,0
52107604,31,0
63758943,24,0
49222499,43,0
49002965,9,0
38077804,57,0
27159640,30,0
49002172,55,0
74001689,21,0
74003692,21,0
74006323,21,0
38984299,55,0
74002614,23,1
74001567,30,0
16240367,31,0
74004495,21,0
52108076,30,0
27126700,27,1
74005642,21,0
74002645,37,0
49163021,57,0
49005320,58,0
74002638,43,0
52109032,31,0
27255230,37,0
27135620,21,0
27231710,15,1
27156800,30,0
74005791,30,0
16240486,58,0
16231147,57,0
27287470,43,0
49001703,58,0
27126760,13,0
52104546,9,0
16218436,58,0
16228101,58,0
16218412,57,0
49199721,23,1
74000681,21,0
63753812,8,1
16232018,55,0
52107923,43,0
63063732,15,1
16226632,57,0
49003993,55,0
63516664,15,1
16234369,58,0
52104342,31,0
52108722,36,0
16225937,58,0
16240174,58,0
49197253,57,0
63752634,55,0
74001958,30,0
27301080,57,0
49197000,24,0
74006071,21,0
27256440,58,0
49999743,43,0
52104632,36,0
27156090,31,0
49001263,43,0
52101501,31,0
52100514,46,0
38978276,55,0
49191392,58,0
27230220,15,1
52106224,46,0
74001942,21,0
27286050,21,0
27201060,31,0
52106369,57,0
16218678,57,0
63311881,15,1
63684115,46,0
16227824,57,0
52101720,58,0
49162032,31,0
16233923,46,0
52108001,37,0
16230687,31,0
63413444,31,0
52102169,43,0
52106380,46,0
16240354,31,0
49999836,57,0
27111810,31,0
49163684,58,0
52107134,37,0
49001335,43,0
74001385,21,0
49001276,43,0
16225328,57,0
63308652,9,0
52100814,31,0
52107446,31,0
63977117,23,1
27147740,43,0
49003392,37,0
49180136,46,0
27119450,43,0
74002567,58,0
27228520,36,0
27104270,57,0
63796298,40,0
74006103,30,0
49198059,57,0
27125820,30,0
49215895,58,0
16227209,43,0
16222156,43,0
27257200,58,0
74005615,30,0
16225632,37,0
27301790,24,0
52100681,20,1
49000232,43,0
63888068,9,0
16230885,31,0
27204190,21,0
49162772,57,0
16228182,43,0
38836861,58,0
38316661,55,0
27136370,30,0
27113910,58,0
38385084,37,0
52103139,46,0
27106530,58,0
38931921,43,0
49180384,31,0
27230670,24,0
27160450,55,0
63676799,8,1
27135950,30,0
16218877,31,0
74003851,30,0
52101173,57,0
27200470,43,0
27141640,27,1
63639172,39,0
27156770,55,0
52107989,21,0
38430069,15,1
38008417,58,0
27110010,43,0
52104010,58,0
27137470,21,0
52100027,58,0
63984494,15,1
74004762,30,0
52108564,46,0
52103707,55,0
63039136,15,1
74002419,23,1
27149760,30,0
74000117,30,0
16225060,43,0
74005320,30,0
74000435,21,0
27156740,30,0
27141550,27,1
16233113,24,0
27164100,58,0
16216793,57,0
74001592,30,0
74005492,30,0
63036188,8,1
16222276,43,0
27149360,21,0
49161809,31,0
52109620,16,0
16222785,57,0
49199298,55,0
52104699,57,0
16227783,58,0
16222808,57,0
27104490,57,0
16226356,58,0
74003208,30,0
52101029,24,0
49186549,58,0
52109437,31,0
27153140,21,0
16224917,31,0
49222743,58,0
74003697,21,0
52106435,43,0
16218690,24,0
27218730,21,0
52105626,46,0
52101453,58,0
16221850,43,0
27285340,58,0
27107120,58,0
74006017,21,0
27110610,57,0
49222483,55,0
74004349,21,0
49000472,58,0
52108416,20,1
52100367,37,0
49000062,36,0
27111990,43,0
16240023,46,0
16230635,55,0
27230970,21,0
16231950,43,0
38962135,31,0
16240377,57,0
63984904,31,0
49003454,31,0
27156960,20,1
74002204,31,0
27153460,55,0
16219846,58,0
74006401,21,0
16216035,43,0
16240123,15,1
16226444,58,0
27142310,30,0
27287340,46,0
63629722,15,1
63809222,55,0
52108305,31,0
16240247,31,0
27134810,21,0
27256870,57,0
52105265,24,0
49003600,43,0
27241510,37,0
74003630,21,0
27111010,30,0
16223493,24,0
38349815,8,1
27104360,21,0
52109578,31,0
16240104,31,0
52107739,27,1
16233708,37,0
49195361,57,0
49183624,43,0
74001713,21,0
27269870,31,0
63809380,15,1
74005905,30,0
27109480,31,0
74005958,30,0
27106910,31,0
52104001,31,0
27151640,30,0
63068079,40,0
49179395,31,0
63125009,24,0
27120920,55,0
27135650,31,0
49003625,57,0
16221450,37,0
16227711,57,0
63219056,15,1
49000730,24,0
49183949,57,0
49003662,57,0
52105262,46,0
27230450,58,0
38383502,58,0
74005126,30,0
63683033,36,0
74005560,30,0
74003561,30,0
63751889,15,1
27283970,21,0
27151260,30,0
52100883,21,0
27122510,31,0
74004906,13,0
27129490,13,0
52103118,46,0
49185734,36,0
49005291,58,0
52103329,31,0
74001488,30,0
16218653,50,0
52104414,31,0
38254325,57,0
49167167,43,0
52100008,31,0
27127480,43,0
74005158,31,0
63169351,55,0
52105536,36,0
27272840,20,1
52101131,31,0
49193894,43,0
74004179,21,0
49002108,58,0
63755143,31,0
49999960,31,0
16231514,43,0
52108315,31,0
49171456,43,0
74003549,30,0
16215520,57,0
63086972,15,1
74002356,24,0
16228925,24,0
63444501,31,0
74006344,30,0
49213455,31,0
49171484,46,0
63437915,8,1
49222702,43,0
49000571,46,0
27100860,58,0
27156680,21,0
52103081,40,0
74005867,30,0
74003845,21,0
27127320,24,0
49004020,57,0
63558207,37,0
74001600,21,0
63011193,43,0
63157057,39,0
52109883,21,0
49002905,24,0
63608771,31,0
74002049,21,0
16233141,55,0
38947651,31,0
49003536,24,0
52104447,43,0
74000829,21,0
16219532,24,0
63240990,31,0
74003781,21,0
49174825,31,0
49003009,24,0
74004173,21,0
74004152,21,0
27158040,30,0
49222589,57,0
16232035,57,0
49197630,57,0
74000232,23,1
49004129,58,0
38289509,31,0
52103458,31,0
74006427,46,0
27227810,46,0
49001168,43,0
63491108,23,1
27152960,57,0
27286420,31,0
16232201,57,0
63191484,31,0
38505055,58,0
74004822,30,0
52108278,46,0
16225019,46,0
27140120,23,1
52109291,43,0
74002807,36,0
27274140,30,0
63275722,15,1
52101247,31,0
16218819,58,0
27214860,31,0
74000407,23,1
27102430,31,0
27228070,31,0
27243700,24,0
52103164,24,0
63622391,23,1
27301130,46,0
27135140,27,1
16228014,57,0
52102416,31,0
27107290,58,0
52103150,43,0
52108719,24,0
63729199,55,0
16229821,43,0
52103621,30,0
49183234,37,0
27214070,43,0
49196161,57,0
38959859,57,0
74000320,30,0
74002301,31,0
27201070,43,0
49001792,58,0
49177369,46,0
16221337,24,0
52107682,24,0
49184534,58,0
27116190,57,0
49164237,31,0
49161612,43,0
74002550,57,0
27123460,31,0
38439191,43,0
27126200,30,0
27118840,30,0
27256560,43,0
52100120,46,0
74001645,30,0
52103896,30,0
16240280,43,0
49004777,24,0
63492878,43,0
74001625,21,0
16240407,55,0
74004512,21,0
74001254,21,0
16240058,24,0
52101995,46,0
63293654,15,1
49164497,43,0
27232940,23,1
16227434,31,0
49001317,46,0
63925023,55,0
16221761,57,0
16240402,43,0
49002352,46,0
27157020,30,0
49999742,55,0
74003048,30,0
63449045,31,0
49999825,58,0
49000128,58,0
49216589,39,0
63071006,30,0
16229805,43,0
38810827,43,0
27284800,24,0
27105310,31,0
27146430,31,0
49189759,58,0
27128430,30,0
63928658,15,1
63366442,31,0
52107505,31,0
63772205,46,0
63050400,16,0
16240461,55,0
27109510,57,0
16222370,58,0
74005767,21,0
27138070,21,0
27125440,44,0
63004611,31,0
16232454,58,0
74003385,20,1
74000187,21,0
16223153,43,0
16222504,43,0
16234183,57,0
16240320,43,0
16224699,43,0
63386592,55,0
63074040,31,0
27229070,24,0
16229553,58,0
74005863,21,0
16230187,43,0
74003270,21,0
74001407,13,0
52103698,58,0
49176929,58,0
38212945,31,0
16232105,57,0
74001763,30,0
27130150,58,0
49177674,57,0
63825015,23,1
16240079,43,0
16227798,58,0
52101165,58,0
38845890,31,0
16240175,15,1
27204240,46,0
27138160,21,0
74003764,30,0
52102720,31,0
27229290,20,1
74005181,21,0
74004361,21,0
49003278,55,0
63673713,55,0
74005998,21,0
63234604,55,0
27134780,30,0
16232087,58,0
52100224,58,0
38317954,31,0
49192884,58,0
74001980,30,0
49999985,43,0
16230902,9,0
63045994,15,1
74005839,30,0
74005405,21,0
74005033,30,0
49999927,58,0
16226902,43,0
74002743,46,0
16240289,43,0
63106064,55,0
49004482,43,0
49000597,57,0
49001733,55,0
52109381,58,0
16232357,57,0
52100578,55,0
63075512,24,0
38565651,31,0
16226257,43,0
52109215,31,0
52106191,31,0
52103905,43,0
49170455,57,0
49000690,57,0
74001758,30,0
63380165,15,1
16225447,58,0
49001611,31,0
16225026,31,0
74002402,58,0
27107830,31,0
49000277,57,0
74005287,21,0
52100452,24,0
16231341,43,0
74005627,21,0
16232010,57,0
63485461,9,0
27227250,30,0
74005549,30,0
16240226,31,0
27107040,55,0
49000440,58,0
49197525,57,0
49002720,24,0
49003186,57,0
38397385,31,0
27115780,24,0
52102729,31,0
74005154,30,0
27156650,30,0
74006073,21,0
16215697,43,0
27157250,43,0
49002599,55,0
52108701,31,0
74001965,21,0
49000593,57,0
49002003,58,0
38682788,55,0
63704257,31,0
27118550,58,0
74001736,30,0
74001920,21,0
16231301,43,0
27137430,31,0
49000622,57,0
52100033,31,0
74000648,30,0
27287980,58,0
49002809,57,0
74004078,21,0
27229990,43,0
27103510,31,0
27242940,24,0
49004107,43,0
16226853,57,0
27106180,57,0
27300630,58,0
27126040,30,0
74002505,37,0
27144420,21,0
74000827,30,0
16218017,57,0
49165308,57,0
27120950,58,0
38586001,43,0
27202430,43,0
52107004,30,0
27285870,24,0
27119940,43,0
74005085,30,0
74001890,21,0
74003005,31,0
16229679,58,0
74005542,30,0
52108029,31,0
27140980,21,0
52109528,58,0
16227168,55,0
52107719,23,1
27164600,31,0
52103037,31,0
74000703,21,0
27112280,31,0
52105894,57,0
52102659,57,0
74005222,21,0
63112979,31,0
63524498,8,1
27217550,21,0
49004146,21,0
27202700,31,0
16229005,31,0
74001833,21,0
74001642,30,0
63469806,9,0
74006421,30,0
27215130,31,0
27138100,43,0
38171232,46,0
74000570,21,0
74003294,30,0
63316769,8,1
27123890,58,0
74006123,21,0
74002669,58,0
74003083,30,0
74001787,30,0
27299780,24,0
49173616,43,0
63420977,36,0
52107724,43,0
49005319,57,0
38732008,58,0
27302960,57,0
49001932,43,0
63574871,16,0
74001128,28,1
49222504,58,0
16216256,31,0
27139350,20,1
52103336,43,0
27104890,58,0
49000428,57,0
27140410,21,0
16240440,57,0
27255460,46,0
63730334,31,0
74003471,30,0
63327734,15,1
63301148,15,1
74005436,27,1
27201620,55,0
52102561,46,0
74004958,24,0
16228016,57,0
49002984,55,0
74004443,21,0
74004406,31,0
52107590,43,0
52105954,46,0
52105294,58,0
52102838,21,0
63483725,15,1
63351048,24,0
27202220,23,1
63093131,15,1
38378246,31,0
52103749,31,0
74003054,30,0
49170111,31,0
27149410,27,1
27152570,21,0
52104936,31,0
16230234,58,0
52100719,58,0
74001549,6,0
63195016,23,1
16228629,57,0
52103214,31,0
16226154,31,0
49001769,24,0
74001279,30,0
74003079,30,0
49999704,58,0
52106969,30,0
74006075,30,0
52105351,21,0
74003687,30,0
27146250,30,0
63593727,9,0
74005794,21,0
74005223,21,0
27215670,21,0
74000674,21,0
16221445,57,0
49193742,24,0
16228937,58,0
74001912,57,0
27105370,31,0
52106218,58,0
27227990,43,0
27241330,46,0
52107842,31,0
16230497,24,0
27145840,20,1
16227675,58,0
74000597,21,0
49222467,43,0
27141060,30,0
27103190,24,0
16224604,50,0
52106004,31,0
27272860,21,0
49222426,23,1
27113060,58,0
52101159,15,1
16220885,55,0
16230570,58,0
27138430,21,0
16223829,57,0
38140104,55,0
52108113,58,0
74003424,30,0
27275480,24,0
27205060,28,1
27302940,43,0
38393875,37,0
38118667,55,0
63160338,31,0
74003557,30,0
27142290,6,0
74005010,21,0
27111900,31,0
52100443,31,0
74003452,30,0
16230631,24,0
16231480,24,0
52105105,46,0
52100175,57,0
52105861,58,0
74002597,37,0
52108325,21,0
52104298,43,0
74003073,30,0
16229149,43,0
74001845,21,0
52104687,57,0
27136300,43,0
27275500,24,0
27147050,30,0
49999724,57,0
27217660,57,0
16229215,24,0
74000220,30,0
63293448,36,0
16221292,58,0
27103460,43,0
27105220,58,0
63291687,31,0
49222507,58,0
74004683,27,1
63380113,31,0
63788624,15,1
74001353,21,0
49171289,55,0
74003459,27,1
74001851,21,0
49178561,43,0
27228440,43,0
49003442,58,0
16229593,37,0
16215616,37,0
74002412,24,0
52102930,43,0
16227724,31,0
16224532,58,0
63939843,8,1
16229736,55,0
27259510,31,0
16217246,43,0
27298710,28,1
74006450,27,1
38656970,58,0
16229956,57,0
52104686,30,0
27102930,58,0
52101000,58,0
74006195,21,0
63214342,9,0
16227748,58,0
16225263,36,0
74004191,21,0
52106322,46,0
27297930,43,0
27149710,21,0
27152360,30,0
52107269,31,0
52106318,27,1
52107368,46,0
52107684,57,0
63671375,31,0
27126670,30,0
49000903,43,0
27144030,21,0
27122360,43,0
27128830,58,0
52106357,57,0
49001183,43,0
63114890,55,0
49001498,31,0
27129820,13,0
49000279,50,0
27146510,31,0
27145040,30,0
52104606,55,0
74001990,30,0
52106146,36,0
52109695,31,0
16232533,55,0
63621080,24,0
52105292,58,0
49195405,37,0
74002085,30,0
74003869,30,0
52104427,36,0
52103552,58,0
74006131,30,0
63025753,15,1
74002933,13,0
74002758,43,0
63386667,31,0
49216914,31,0
49001826,43,0
27102920,55,0
27115190,30,0
63047947,31,0
27138530,43,0
27298820,43,0
63368900,31,0
27109390,31,0
74003056,30,0
27135390,58,0
63173309,23,1
49194873,55,0
74001739,21,0
63604415,37,0
52103802,58,0
52104498,43,0
52104173,58,0
52100458,31,0
63709745,31,0
16232076,43,0
27132020,31,0
63955680,15,1
63992119,24,0
27135370,43,0
27301270,58,0
52105319,31,0
49000828,58,0
52105571,46,0
49163934,44,0
27114550,43,0
16233972,58,0
63037247,8,1
27107990,37,0
74005974,30,0
16224862,57,0
27154760,58,0
16227968,36,0
52107681,57,0
27111280,27,1
16230728,31,0
74002092,21,0
49999716,57,0
27242750,55,0
16231164,31,0
52107074,31,0
49000361,24,0
27134630,13,0
63160069,31,0
16240241,43,0
27133770,21,0
63095463,9,0
49000304,58,0
49004800,43,0
52101677,43,0
74002921,30,0
38550869,31,0
52104830,58,0
49183311,46,0
16231822,44,0
49000736,55,0
63680270,46,0
16240324,58,0
74000370,30,0
16219985,58,0
52103657,58,0
52102667,27,1
27128540,43,0
27127760,57,0
63226612,31,0
74006296,30,0
49002690,50,0
52104155,43,0
52104849,58,0
63726555,31,0
49222434,57,0
74005011,21,0
49187017,8,1
52102088,31,0
74000616,30,0
27126750,30,0
16225419,31,0
27216140,30,0
27256930,30,0
27101610,58,0
16215877,43,0
52109144,58,0
63163677,31,0
49001793,58,0
49002331,43,0
74005593,30,0
49000455,55,0
49178519,31,0
49182095,43,0
63664743,31,0
16231526,43,0
52105635,46,0
27218380,23,1
49003999,50,0
74003817,21,0
52100472,36,0
16220528,21,0
49999945,23,1
74004877,30,0
52103849,31,0
74004238,21,0
27201730,31,0
27200450,24,0
27243530,24,0
49192743,40,0
27102850,58,0
52101100,31,0
16240314,58,0
27297430,43,0
16227584,58,0
27140650,30,0
63202928,23,1
52103301,46,0
52107091,58,0
74006186,30,0
63901002,37,0
16234299,31,0
38273407,31,0
63061663,9,0
74002988,30,0
27232610,31,0
74003873,30,0
27146120,21,0
52108486,30,0
27232480,58,0
52109157,31,0
16240256,43,0
74000697,21,0
27157090,30,0
27230110,31,0
52103068,31,0
49176365,37,0
74000421,21,0
74002798,57,0
63538697,57,0
74001003,21,0
16228475,55,0
52108633,57,0
63477704,15,1
52102390,36,0
49215659,31,0
27101490,24,0
49164614,57,0
27127950,43,0
63902282,55,0
63856549,31,0
74001557,21,0
16227203,57,0
27244370,46,0
63578102,15,1
27245010,31,0
27273530,57,0
74000966,21,0
74002399,43,0
49174954,31,0
49001957,57,0
27202250,31,0
52104786,46,0
74003345,30,0
27119060,55,0
27126920,27,1
49002623,58,0
52102339,43,0
27110870,31,0
74004770,30,0
49003830,58,0
27131070,30,0
16224188,24,0
49222477,24,0
52109036,24,0
16223544,58,0
27272660,58,0
74001302,21,0
74004891,21,0
52105182,30,0
74000324,30,0
74003502,21,0
52105704,46,0
49165791,43,0
52103548,31,0
52106298,23,1
27272400,46,0
16231130,36,0
16221647,58,0
27241420,46,0
27150510,30,0
49188428,57,0
49005308,57,0
49216033,23,1
16228476,58,0
63654988,23,1
27111550,37,0
74002354,24,0
38657296,57,0
74000617,21,0
52103003,58,0
63699891,31,0
52107199,27,1
27157400,27,1
16218991,57,0
49198585,58,0
74005586,30,0
63123960,15,1
16240193,57,0
16218760,43,0
16222673,58,0
27136410,57,0
27287970,57,0
16226448,57,0
49222740,23,1
63995849,55,0
27152440,20,1
52106766,31,0
16232676,43,0
27231470,31,0
49004148,31,0
27287890,15,1
16222840,57,0
27227330,20,1
27110960,31,0
74006273,21,0
63354295,9,0
38927013,43,0
52104232,46,0
16224582,43,0
52103046,31,0
16231091,57,0
16227368,24,0
16215327,58,0
16218740,57,0
52102760,23,1
74002585,58,0
49999986,57,0
27228340,31,0
38585104,31,0
27219270,57,0
16216702,31,0
27217120,37,0
27102180,57,0
52103030,24,0
27103170,31,0
52103069,30,0
52100453,31,0
16240277,57,0
16225273,57,0
27127070,12,1
38840536,39,0
49003865,58,0
63769441,23,1
49186508,24,0
52102555,16,0
74000092,13,0
74005421,21,0
63944247,31,0
52103309,31,0
74006077,21,0
49999850,31,0
52105112,43,0
74000068,21,0
63968397,24,0
52101592,31,0
63609699,30,0
27134080,30,0
27231810,58,0
27102860,57,0
74000231,30,0
49003259,55,0
52102791,46,0
74000940,30,0
38042496,21,0
16226076,57,0
38486671,58,0
74002680,31,0
63124002,31,0
52101947,55,0
16230968,43,0
27108480,31,0
74001636,30,0
74005415,21,0
27142600,30,0
49169717,43,0
16222358,43,0
52108923,58,0
74001862,30,0
52105703,13,0
63228578,15,1
52107642,58,0
52100424,23,1
16226322,43,0
52103519,57,0
74004558,30,0
16226024,58,0
74004501,21,0
52105549,31,0
52102655,46,0
27143080,20,1
52101521,31,0
27201700,20,1
27107250,57,0
27201360,31,0
52100669,57,0
49002970,50,0
52107457,31,0
49164595,31,0
49002209,31,0
27283720,58,0
63753249,15,1
27110000,57,0
74004955,21,0
49170229,31,0
49999749,43,0
74001167,30,0
74005693,21,0
27109140,24,0
27126010,30,0
27230640,58,0
52103271,31,0
27119920,58,0
27230160,46,0
49003250,58,0
74003560,30,0
49000661,58,0
27214990,23,1
16223696,43,0
52102598,58,0
16240042,43,0
49185903,36,0
27244970,58,0
74003904,21,0
38854898,43,0
38146924,57,0
52102154,31,0
52100957,31,0
27231080,24,0
63803823,31,0
52102471,5,0
49001421,37,0
63268159,9,0
27101820,23,1
49183620,57,0
74003614,21,0
27216550,46,0
52100821,31,0
74001619,30,0
74001122,30,0
49000650,55,0
74002492,21,0
74003390,30,0
74002099,21,0
38434322,8,1
74000638,12,1
16227834,58,0
49002402,43,0
27160340,43,0
49187101,58,0
74006180,21,0
16225742,43,0
74002497,43,0
52109277,43,0
74004499,30,0
16231814,58,0
52102443,55,0
49005520,31,0
49192695,24,0
74005776,30,0
49000171,43,0
27123140,43,0
52109586,58,0
27160210,55,0
27109860,58,0
16240114,58,0
74001896,30,0
27109230,58,0
74003553,21,0
49222587,57,0
74005211,58,0
16227103,43,0
27257720,31,0
27109900,57,0
16228822,58,0
52103177,58,0
74005387,30,0
52106419,46,0
52108016,58,0
16228671,24,0
49000725,57,0
63732024,31,0
16229062,58,0
49003369,43,0
27283870,30,0
52105402,31,0
74000900,21,0
27215380,46,0
52105544,23,1
52100162,31,0
27297670,46,0
27109710,43,0
52102889,57,0
63535359,31,0
63147069,15,1
52102351,13,0
27104840,55,0
49002707,57,0
74006292,21,0
52106749,31,0
74004593,30,0
27125160,30,0
52104955,24,0
74003678,21,0
52109567,43,0
16224045,58,0
16226275,58,0
52100462,58,0
52103854,46,0
49162007,43,0
16240322,58,0
52103077,31,0
74004554,30,0
52106642,37,0
63679208,15,1
27124260,30,0
74000372,30,0
74005932,21,0
16240287,31,0
74006037,21,0
16226158,43,0
27255360,23,1
27231030,43,0
16216695,24,0
49002327,58,0
74005090,30,0
16222023,31,0
63623542,31,0
16221830,58,0
74000005,21,0
16228887,58,0
52102177,31,0
63261900,55,0
16221033,58,0
16225210,58,0
16224793,58,0
49000552,24,0
16233131,57,0
52100711,57,0
52102496,31,0
16224549,57,0
74002426,23,1
16232688,57,0
74001114,30,0
27273700,31,0
27150080,23,1
74002337,46,0
63459084,15,1
74000376,21,0
49198062,31,0
74004831,30,0
52104076,55,0
27153150,31,0
16228972,24,0
16217465,55,0
16229998,43,0
63413273,39,0
27271410,23,1
63903762,15,1
38550419,24,0
38370334,43,0
63784881,8,1
63058295,55,0
63846320,31,0
52103245,58,0
74003403,21,0
27136470,5,0
16233728,58,0
16240171,43,0
27156510,55,0
16221402,58,0
16230612,31,0
27204210,24,0
49168093,43,0
49169420,55,0
27133360,28,1
27136130,21,0
49000049,37,0
49215742,43,0
52103800,31,0
27129260,23,1
27284640,31,0
16227164,57,0
27204150,31,0
63177447,46,0
63617500,57,0
16240337,57,0
49187206,31,0
16221550,58,0
52105183,31,0
49000675,31,0
52103911,58,0
74006386,21,0
52102301,24,0
74004291,30,0
74002501,24,0
74000393,21,0
63854806,31,0
16221170,55,0
49002205,43,0
27126030,30,0
49002308,58,0
27119560,58,0
74006125,21,0
52106993,43,0
74001570,21,0
49002013,31,0
49002284,37,0
49176413,43,0
16240024,57,0
74000652,30,0
52103004,31,0
49211606,58,0
16222931,31,0
63855174,37,0
27226900,36,0
49195344,58,0
52109569,58,0
27149180,57,0
52107731,27,1
52100393,57,0
49000759,31,0
63698822,39,0
27151730,6,0
27158750,30,0
16233160,31,0
49194472,46,0
16218718,43,0
52103102,46,0
49222438,58,0
52102451,43,0
52107865,46,0
74001429,21,0
63717589,46,0
27216710,55,0
52107631,30,0
74003681,21,0
49160470,36,0
16230664,58,0
27143440,30,0
27135300,24,0
49003712,43,0
74000660,30,0
74000712,21,0
16223115,57,0
49212232,31,0
52101392,47,1
52105166,31,0
52103238,31,0
49000260,31,0
52105593,24,0
38949613,39,0
27129810,23,1
27201020,30,0
16232975,57,0
16225545,55,0
52101304,55,0
49999837,46,0
49000995,57,0
49222267,58,0
63453916,31,0
63692842,23,1
49000839,23,1
27149080,21,0
52103145,31,0
74001748,21,0
16227781,43,0
16220776,55,0
16231725,46,0
49002743,24,0
63725810,46,0
38106884,21,0
16223112,31,0
16225030,43,0
27108080,57,0
27244130,31,0
74006279,30,0
49000811,43,0
52106767,31,0
49003335,24,0
49001088,43,0
49188355,57,0
16218456,43,0
16240046,31,0
74005519,21,0
74003917,21,0
27258630,31,0
27105180,58,0
49179897,57,0
16228634,31,0
27229570,24,0
27100110,24,0
52105350,57,0
74002442,24,0
27111950,58,0
52104528,57,0
52103903,30,0
27240110,23,1
74000366,21,0
27106510,24,0
52100343,57,0
52106997,57,0
52107704,58,0
49187933,43,0
74002572,57,0
52107668,31,0
52107130,55,0
49002107,58,0
27139250,21,0
49188082,55,0
27143870,31,0
52104123,46,0
63464488,24,0
74001317,30,0
74001111,21,0
27118330,43,0
74000839,30,0
49001502,43,0
52107359,55,0
52108264,31,0
16227515,58,0
52107867,31,0
27205330,8,1
49172986,57,0
63568169,24,0
49177540,58,0
74000449,30,0
27203240,58,0
52106579,21,0
63822726,55,0
74003868,21,0
27136940,23,1
74001445,30,0
74002086,21,0
27257220,20,1
27118000,57,0
52102509,30,0
16231919,57,0
74001696,21,0
27151110,57,0
38626258,24,0
52102739,36,0
27148780,21,0
49999963,37,0
52105031,55,0
27103270,31,0
16220606,31,0
52107243,13,0
63302096,8,1
16217310,58,0
52102311,24,0
74000055,21,0
49000251,43,0
52106822,31,0
52102448,57,0
74005849,30,0
27242510,36,0
27274380,58,0
27113840,8,1
49179625,43,0
49002035,58,0
27218310,31,0
63849837,15,1
74003408,21,0
74006007,30,0
74004788,20,1
27164530,31,0
63922338,31,0
63939927,58,0
16228689,58,0
49004110,43,0
74004359,21,0
74002041,21,0
16225212,58,0
16224695,58,0
27160770,21,0
38623180,36,0
27241580,24,0
16218149,58,0
74003232,21,0
74002777,23,1
52104890,46,0
49175812,58,0
16223165,57,0
27232310,21,0
27286320,21,0
74005128,21,0
52103904,46,0
27145820,30,0
49002581,43,0
49002529,43,0
74005769,21,0
63876875,8,1
63763850,15,1
49004162,24,0
63679023,55,0
16224686,58,0
27147450,21,0
27161300,24,0
52100689,31,0
74000580,30,0
49999956,31,0
27117680,24,0
49999896,43,0
16229029,57,0
27138590,43,0
16222691,58,0
74002968,30,0
49004106,58,0
